Fire_ID,Fire_Year,Report_Date,Report_Year,Fire_Latitude,Fire_Longitude,Size_Ha,Cause,Response,Fire_Date,Date_Status
BC-2023-2023-K52813,2023,2023-08-18,2023,49.3014,-119.7091,2043.8,Human,Full,2023-08-18,Original
BC-2023-2023-C50100,2023,2023-04-27,2023,52.0351,-123.177,209,Human,Full,2023-04-27,Original
BC-2023-2023-G30210,2023,2023-05-04,2023,53.2884,-120.0705,1100,Human,Full,2023-05-04,Original
BC-2023-2023-C30675,2023,2023-06-08,2023,52.2548,-120.8352,226,Human,Full,2023-06-08,Original
BC-2023-2023-V11152,2023,2023-07-04,2023,49.3115,-122.2438,215,Human,Modified,2023-07-04,Original
BC-2023-2023-V10588,2023,2023-06-03,2023,49.4837,-121.9887,767.2,Human,Modified,2023-06-03,Original
BC-2023-2023-G80220,2023,2023-05-01,2023,56.271,-119.9341,6422.17,Human,Full,2023-05-01,Original
BC-2023-2023-G80175,2023,2023-05-01,2023,56.5319,-121.9246,385,Human,Full,2023-05-01,Original
BC-2023-2023-K22757,2023,2023-07-17,2023,51.4623,-119.7008,1771.9,Natural,Modified,2023-07-17,Original
BC-2023-2023-C11290,2023,2023-07-07,2023,52.8138,-122.9345,2784.7,Natural,Full,2023-07-07,Original
BC-2023-2023-V51696,2023,2023-07-13,2023,51.1679,-125.017,238,Natural,Monitor,2023-07-13,Original
BC-2023-2023-G91494,2023,2023-07-10,2023,59.8051,-121.7854,6996.4,Natural,Monitor,2023-07-10,Original
BC-2023-2023-G90776,2023,2023-06-09,2023,58.2226,-123.8847,804.46,Natural,Monitor,2023-06-09,Original
BC-2023-2023-C11243,2023,2023-07-07,2023,53.0419,-123.4067,1297.6,Natural,Full,2023-07-07,Original
BC-2023-2023-G51474,2023,2023-07-08,2023,54.7353,-125.1753,1503.4,Natural,Full,2023-07-08,Original
BC-2023-2023-V52804,2023,2023-08-16,2023,50.6693,-123.9888,302,Natural,Monitor,2023-08-16,Original
BC-2023-2023-G91467,2023,2023-07-09,2023,59.2839,-122.1495,888.01,Natural,Monitor,2023-07-09,Original
BC-2023-2023-G41158,2023,2023-07-06,2023,52.9571,-125.672,21926.5,Natural,Modified,2023-07-06,Original
BC-2023-2023-R31512,2023,2023-07-10,2023,55.0104,-127.4476,556.13,Natural,Modified,2023-07-10,Original
BC-2023-2023-G92947,2023,2023-08-25,2023,59.2269,-128.0591,7301.75,Natural,Monitor,2023-08-25,Original
BC-2023-2023-G41560,2023,2023-07-11,2023,53.4541,-124.2051,1144.3,Natural,Modified,2023-07-11,Original
BC-2023-2023-N12046,2023,2023-07-21,2023,49.7128,-114.9208,1295,Natural,Full,2023-07-21,Original
BC-2023-2023-C11499,2023,2023-07-09,2023,53.1661,-123.7126,7864,Natural,Full,2023-07-09,Original
BC-2023-2023-G90709,2023,2023-06-04,2023,59.8265,-123.5519,37793.9,Natural,Modified,2023-06-04,Original
BC-2023-2023-G41502,2023,2023-07-10,2023,53.5682,-125.2453,34853.6,Natural,Full,2023-07-10,Original
BC-2023-2023-G41493,2023,2023-07-10,2023,53.2252,-124.9064,4878.8,Natural,Modified,2023-07-10,Original
BC-2023-2023-C11437,2023,2023-07-09,2023,53.296,-123.6686,4422.1,Natural,Full,2023-07-09,Original
BC-2023-2023-G90288,2023,2023-05-11,2023,59.9636,-120.9866,290073.32,Natural,Modified,2023-05-11,Original
BC-2023-2023-C40384,2023,2023-05-17,2023,51.6366,-121.9257,536,Natural,Full,2023-05-17,Original
BC-2023-2023-G92940,2023,2023-08-24,2023,59.2838,-121.8901,71002.7,Natural,NA,2023-08-24,Original
BC-2023-2023-N12546,2023,2023-08-06,2023,50.1617,-114.995,2512,Natural,Modified,2023-08-06,Original
BC-2023-2023-VA1335,2023,2023-07-08,2023,52.8191,-126.6494,2337.6,Natural,Modified,2023-07-08,Original
BC-2023-2023-G73406,2023,2023-09-13,2023,55.6319,-121.4276,1246,Natural,Full,2023-09-13,Original
BC-2023-2023-C51571,2023,2023-07-11,2023,52.7728,-125.5802,3350,Natural,Full,2023-07-11,Original
BC-2023-2023-G41569,2023,2023-07-11,2023,53.675,-124.3337,801.1,Natural,Full,2023-07-11,Original
BC-2023-2023-G91355,2023,2023-06-28,2023,59.669,-122.625,350,Natural,Monitor,2023-06-28,Original
BC-2023-2023-G50872,2023,2023-06-24,2023,55.3014,-124.841,17333.8,Natural,Full,2023-06-24,Original
BC-2023-2023-G90273,2023,2023-05-11,2023,58.0617,-121.9122,42838.5,Natural,Monitor,2023-05-11,Original
BC-2023-2023-G41466,2023,2023-07-09,2023,53.659,-123.7843,262,Natural,Monitor,2023-07-09,Original
BC-2023-2023-C11892,2023,2023-07-17,2023,52.9119,-125.4362,341.9,Natural,Full,2023-07-17,Original
BC-2023-2023-G50856,2023,2023-06-23,2023,55.8798,-126.4014,5712.7,Natural,Full,2023-06-23,Original
BC-2023-2023-G50912,2023,2023-06-25,2023,55.7693,-126.3755,816.9,Natural,Full,2023-06-25,Original
BC-2023-2023-G93120,2023,2023-09-01,2023,58.7596,-127.7105,700,Natural,Monitor,2023-09-01,Original
BC-2023-2023-G90292,2023,2023-05-11,2023,58.0517,-123.3252,21056,Natural,Monitor,2023-05-11,Original
BC-2023-2023-G51279,2023,2023-07-08,2023,54.4219,-123.6492,48396.3,Natural,Full,2023-07-08,Original
BC-2023-2023-G70645,2023,2023-06-06,2023,55.1541,-120.6697,25095,Natural,Full,2023-06-06,Original
BC-2023-2023-G91534,2023,2023-07-10,2023,59.4272,-121.0306,32257.2,Natural,Monitor,2023-07-10,Original
BC-2023-2023-C11405,2023,2023-07-09,2023,52.74,-125.0359,1282,Natural,Full,2023-07-09,Original
BC-2023-2023-V11256,2023,2023-07-07,2023,49.2088,-121.383,805,Natural,Modified,2023-07-07,Original
BC-2023-2023-R31465,2023,2023-07-09,2023,55.3867,-126.7215,639,Natural,Full,2023-07-09,Original
BC-2023-2023-R31391,2023,2023-07-08,2023,55.6386,-126.734,3030,Unknown,Modified,2023-07-08,Original
BC-2023-2023-G41422,2023,2023-07-09,2023,53.9829,-124.8257,736.6,Natural,Full,2023-07-09,Original
BC-2023-2023-R51245,2023,2023-07-07,2023,53.8538,-128.5935,200,Natural,Modified,2023-07-07,Original
BC-2023-2023-G92594,2023,2023-08-07,2023,59.9374,-127.762,316.5,Natural,NA,2023-08-07,Original
BC-2023-2023-G90565,2023,2023-06-02,2023,57.9132,-123.9312,208,Natural,Monitor,2023-06-02,Original
BC-2023-2023-C12135,2023,2023-07-21,2023,52.6094,-122.2498,270,Natural,Full,2023-07-21,Original
BC-2023-2023-G41511,2023,2023-07-10,2023,53.7755,-124.4256,4767.8,Natural,Full,2023-07-10,Original
BC-2023-2023-K21379,2023,2023-07-07,2023,52.106,-120.0346,2407.14,Natural,Modified,2023-07-07,Original
BC-2023-2023-G70644,2023,2023-06-06,2023,55.3792,-120.0827,4427,Natural,Full,2023-06-06,Original
BC-2023-2023-R41659,2023,2023-07-12,2023,55.7303,-127.2702,278.1,Unknown,Modified,2023-07-12,Original
BC-2023-2023-K21384,2023,2023-07-07,2023,52.1458,-119.9619,20745,Natural,Modified,2023-07-07,Original
BC-2023-2023-G51411,2023,2023-07-09,2023,55.3288,-125.3514,451.6,Natural,Full,2023-07-09,Original
BC-2023-2023-G91313,2023,2023-06-28,2023,58.672,-121.6427,74685.7,Natural,Monitor,2023-06-28,Original
BC-2023-2023-G51344,2023,2023-07-08,2023,54.7485,-123.8708,5219.6,Natural,Monitor,2023-07-08,Original
BC-2023-2023-G90628,2023,2023-06-04,2023,58.5021,-120.4118,173353.1,Natural,Monitor,2023-06-04,Original
BC-2023-2023-G91739,2023,2023-07-15,2023,59.4203,-123.6556,33425.6,Natural,Monitor,2023-07-15,Original
BC-2023-2023-C31143,2023,2023-07-05,2023,52.6903,-121.3638,308,Natural,Modified,2023-07-05,Original
BC-2023-2023-V53075,2023,2023-08-29,2023,50.5322,-124.3396,262,Natural,Monitor,2023-08-29,Original
BC-2023-2023-G30612,2023,2023-05-18,2023,52.3739,-119.3284,277,Natural,Full,2023-05-18,Original
BC-2023-2023-C51974,2023,2023-07-20,2023,52.0612,-123.4915,1306,Natural,Full,2023-07-20,Original
BC-2023-2023-G52955,2023,2023-08-26,2023,55.0552,-125.641,1590.6,Natural,NA,2023-08-26,Original
BC-2023-2023-N40596,2023,2023-05-20,2023,52.0451,-118.7021,1160,Natural,Modified,2023-05-20,Original
BC-2023-2023-C51562,2023,2023-07-07,2023,52.5471,-124.7398,6651.9,Natural,Modified,2023-07-07,Original
BC-2023-2023-N42102,2023,2023-07-21,2023,51.0106,-116.3746,449,Natural,Modified,2023-07-21,Original
BC-2023-2023-K20469,2023,2023-05-17,2023,52.1381,-119.5694,1711.61,Natural,Monitor,2023-05-17,Original
BC-2023-2023-K21382,2023,2023-07-08,2023,52.1472,-120.0256,350,Natural,Modified,2023-07-08,Original
BC-2023-2023-C52978,2023,2023-08-27,2023,51.5811,-125.0824,16842,Natural,NA,2023-08-27,Original
BC-2023-2023-K22024,2023,2023-07-20,2023,50.4484,-120.4009,11382,Natural,Full,2023-07-20,Original
BC-2023-2023-K21620,2023,2023-07-12,2023,51.0114,-119.6968,10004.9,Natural,Full,2023-07-12,Original
BC-2023-2023-R51555,2023,2023-07-07,2023,54.9494,-128.8513,230,Natural,Full,2023-07-07,Original
BC-2023-2023-C53189,2023,2023-08-28,2023,51.6808,-124.994,200,Natural,Full,2023-08-28,Original
BC-2023-2023-R31585,2023,2023-07-09,2023,55.0761,-126.7662,520,Natural,Modified,2023-07-09,Original
BC-2023-2023-G41307,2023,2023-07-08,2023,53.591,-124.1523,44641.7,Natural,Full,2023-07-08,Original
BC-2023-2023-G12002,2023,2023-07-20,2023,54.609,-121.7952,351.7,Natural,Monitor,2023-07-20,Original
BC-2023-2023-N42228,2023,2023-07-21,2023,51.2003,-116.7542,284,Natural,Modified,2023-07-21,Original
BC-2023-2023-N42216,2023,2023-07-10,2023,51.7139,-118.1829,303,Natural,Modified,2023-07-10,Original
BC-2023-2023-N42074,2023,2023-07-17,2023,51.0961,-118.4314,1265.3,Natural,Monitor,2023-07-17,Original
BC-2023-2023-K21633,2023,2023-07-12,2023,51.0035,-119.8255,45613,Natural,Full,2023-07-12,Original
BC-2023-2023-G32441,2023,2023-07-25,2023,52.277,-119.374,231,Natural,Modified,2023-07-25,Original
BC-2023-2023-R90877,2023,2023-06-23,2023,57.4801,-127.652,14460.07,Natural,Modified,2023-06-23,Original
BC-2023-2023-R90857,2023,2023-06-22,2023,57.3586,-129.0278,762.36,Natural,Modified,2023-06-22,Original
BC-2023-2023-VA2752,2023,2023-08-14,2023,52.8213,-126.1975,330,Natural,Monitor,2023-08-14,Original
BC-2023-2023-R91162,2023,2023-07-06,2023,59.6421,-129.5938,60064.12,Natural,Modified,2023-07-06,Original
BC-2023-2023-VA1638,2023,2023-07-12,2023,52.7022,-126.4986,3555,Natural,Monitor,2023-07-12,Original
BC-2023-2023-VA1456,2023,2023-07-08,2023,52.2844,-125.7294,4616.4,Natural,Monitor,2023-07-08,Original
BC-2023-2023-VA1381,2023,2023-07-07,2023,53.0425,-126.3309,40580,Natural,Monitor,2023-07-07,Original
BC-2023-2023-G92498,2023,2023-07-31,2023,58.5786,-120.9371,275054.7,Natural,Full,2023-07-31,Original
BC-2023-2023-G83130,2023,2023-09-02,2023,58.2204,-121.7444,673,Natural,NA,2023-09-02,Original
BC-2023-2023-G60858,2023,2023-06-23,2023,57.6324,-125.9272,4638,Natural,Full,2023-06-23,Original
BC-2023-2023-G60603,2023,2023-06-04,2023,55.912,-123.1348,363.88,Natural,Monitor,2023-06-04,Original
BC-2023-2023-K71658,2023,2023-07-12,2023,50.802,-122.5285,241,Natural,Modified,2023-07-12,Original
BC-2023-2023-N52393,2023,2023-07-31,2023,50.3582,-117.6146,868,Natural,Modified,2023-07-31,Original
BC-2023-2023-G41149,2023,2023-07-01,2023,54.212,-124.2843,501.06,Natural,Full,2023-07-01,Original
BC-2023-2023-R92525,2023,2023-08-05,2023,59.4578,-132.8638,1171.95,Natural,Modified,2023-08-05,Original
BC-2023-2023-VA1735,2023,2023-07-15,2023,52.5121,-125.9057,3360,Natural,Monitor,2023-07-15,Original
BC-2023-2023-G90981,2023,2023-06-24,2023,59.1395,-127.65,22393.46,Natural,Monitor,2023-06-24,Original
BC-2023-2023-G80280,2023,2023-05-12,2023,57.6187,-122.0123,619072.5,Natural,Full,2023-05-12,Original
BC-2023-2023-VA2884,2023,2023-08-21,2023,52.2916,-126.0645,900,Natural,Monitor,2023-08-21,Original
BC-2023-2023-VA1462,2023,2023-07-09,2023,52.0616,-125.7398,1708,Natural,Monitor,2023-07-09,Original
BC-2023-2023-K71705,2023,2023-07-12,2023,50.3047,-121.8258,5021.6,Natural,Modified,2023-07-12,Original
BC-2023-2023-G62952,2023,2023-08-26,2023,55.5756,-123.5436,205.06,Natural,NA,2023-08-26,Original
BC-2023-2023-N71835,2023,2023-07-10,2023,50.2359,-116.8421,709,Natural,Modified,2023-07-10,Original
BC-2023-2023-R13068,2023,2023-08-28,2023,53.4286,-126.9397,419,Natural,Monitor,2023-08-28,Original
BC-2023-2023-R11238,2023,2023-07-07,2023,54.0775,-126.1776,359,Natural,Full,2023-07-07,Original
BC-2023-2023-N72365,2023,2023-07-30,2023,50.1718,-116.7934,479,Natural,Modified,2023-07-30,Original
BC-2023-2023-R11277,2023,2023-07-07,2023,54.4004,-125.4675,6890,Natural,Full,2023-07-07,Original
BC-2023-2023-N72169,2023,2023-07-17,2023,50.7441,-117.13,287,Natural,Modified,2023-07-17,Original
BC-2023-2023-G11240,2023,2023-07-06,2023,53.3965,-123.332,224,Natural,Full,2023-07-06,Original
BC-2023-2023-G60655,2023,2023-06-06,2023,55.9945,-124.0818,3215.3,Natural,Full,2023-06-06,Original
BC-2023-2023-N42390,2023,2023-08-01,2023,51.5235,-117.5588,644,Natural,Monitor,2023-08-01,Original
BC-2023-2023-G11532,2023,2023-07-10,2023,54.9614,-122.6221,1100,Natural,Full,2023-07-10,Original
BC-2023-2023-R11282,2023,2023-07-07,2023,53.5192,-125.8533,24810.8,Natural,Monitor,2023-07-07,Original
BC-2023-2023-N72730,2023,2023-08-06,2023,50.0903,-116.757,463,Natural,Modified,2023-08-06,Original
BC-2023-2023-R21234,2023,2023-07-07,2023,54.0151,-126.384,6758,Natural,Full,2023-07-07,Original
BC-2023-2023-K72705,2023,2023-08-09,2023,50.3647,-122.0244,1015.5,Natural,Monitor,2023-08-09,Original
BC-2023-2023-C31349,2023,2023-07-08,2023,52.4453,-120.754,240.15,Natural,Monitor,2023-07-08,Original
BC-2023-2023-R13093,2023,2023-08-28,2023,53.3021,-126.7535,913,Natural,Monitor,2023-08-28,Original
BC-2023-2023-R21250,2023,2023-07-07,2023,54.4102,-126.4153,2061,Natural,Full,2023-07-07,Original
BC-2023-2023-R11725,2023,2023-07-08,2023,53.5365,-126.6308,330,Natural,Monitor,2023-07-08,Original
BC-2023-2023-R51710,2023,2023-07-07,2023,53.125,-127.651,230,Unknown,Monitor,2023-07-07,Original
BC-2023-2023-N72170,2023,2023-07-22,2023,50.6931,-117.1213,1337,Natural,Modified,2023-07-22,Original
BC-2023-2023-K71535,2023,2023-07-10,2023,50.6806,-122.3862,11284,Natural,Full,2023-07-10,Original
BC-2023-2023-V33029,2023,2023-08-29,2023,50.3991,-122.6656,410,Natural,Modified,2023-08-29,Original
BC-2023-2023-N12352,2023,2023-07-17,2023,49.6784,-115.4511,2952,Natural,Modified,2023-07-17,Original
BC-2023-2023-N52009,2023,2023-07-20,2023,50.7671,-117.475,413,Natural,Modified,2023-07-20,Original
BC-2023-2023-G51564,2023,2023-07-10,2023,54.5447,-125.033,6143.2,Natural,Full,2023-07-10,Original
BC-2023-2023-R11378,2023,2023-07-07,2023,54.3421,-125.293,1400,Natural,Monitor,2023-07-07,Original
BC-2023-2023-K71778,2023,2023-07-15,2023,50.7831,-121.8895,589,Natural,Full,2023-07-15,Original
BC-2023-2023-G91933,2023,2023-07-20,2023,59.463,-120.0004,2272,Unknown,Monitor,2023-07-20,Original
BC-2023-2023-K52125,2023,2023-07-22,2023,49.1726,-120.0607,46504.2,Natural,Full,2023-07-22,Original
BC-2023-2023-K71649,2023,2023-07-12,2023,50.8561,-122.9739,9565,Natural,Full,2023-07-12,Original
BC-2023-2023-G60666,2023,2023-06-07,2023,55.9468,-124.5446,166856.9,Natural,Full,2023-06-07,Original
BC-2023-2023-K71634,2023,2023-07-12,2023,50.3474,-121.7151,4734.3,Natural,Full,2023-07-12,Original
BC-2023-2023-K71707,2023,2023-07-12,2023,50.1667,-122.0922,651,Natural,Modified,2023-07-12,Original
BC-2023-2023-R51336,2023,2023-07-07,2023,55.1462,-128.7224,200,Natural,Full,2023-07-07,Original
BC-2023-2023-V31726,2023,2023-07-15,2023,50.7078,-123.3159,399,Natural,Monitor,2023-07-15,Original
BC-2023-2023-K71032,2023,2023-06-30,2023,50.6616,-123.0929,220.57,Natural,Modified,2023-06-30,Original
BC-2023-2023-R13124,2023,2023-07-09,2023,54.4756,-125.1785,280,Natural,Monitor,2023-07-09,Original
BC-2023-2023-N52138,2023,2023-07-21,2023,50.6323,-117.2956,372,Natural,Modified,2023-07-21,Original
BC-2023-2023-N71918,2023,2023-07-17,2023,49.3602,-116.2142,1457,Natural,Modified,2023-07-17,Original
BC-2023-2023-V82558,2023,2023-08-03,2023,49.7641,-125.7,2320,Natural,Monitor,2023-08-03,Original
BC-2023-2023-N22370,2023,2023-07-30,2023,50.9437,-116.4795,960,Natural,Full,2023-07-30,Original
BC-2023-2023-K73066,2023,2023-08-24,2023,50.3079,-122.044,480.37,Natural,Monitor,2023-08-24,Original
BC-2023-2023-G90810,2023,2023-06-09,2023,57.651,-123.6047,500,Natural,Monitor,2023-06-09,Original
BC-2023-2023-N72419,2023,2023-07-30,2023,50.742,-117.0683,519,Natural,Modified,2023-07-30,Original
BC-2023-2023-V83128,2023,2023-09-02,2023,49.5076,-125.5733,1217.1,Natural,Monitor,2023-09-02,Original
BC-2023-2023-N12589,2023,2023-08-06,2023,49.2067,-115.0082,1909,Natural,Monitor,2023-08-06,Original
BC-2023-2023-N22243,2023,2023-07-23,2023,50.5343,-116.2428,3918.5,Natural,Full,2023-07-23,Original
BC-2023-2023-N72369,2023,2023-07-30,2023,50.8046,-117.3171,890,Natural,Modified,2023-07-30,Original
BC-2023-2023-C30446,2023,2023-05-20,2023,52.8374,-120.4661,241.7,Natural,Monitor,2023-05-20,Original
BC-2023-2023-C11319,2023,2023-07-08,2023,52.971,-124.6291,376,Natural,Full,2023-07-08,Original
BC-2023-2023-R31581,2023,2023-07-10,2023,55.5963,-126.784,239,Natural,Full,2023-07-10,Original
BC-2023-2023-N71690,2023,2023-07-12,2023,50.6605,-116.9419,241,Natural,Modified,2023-07-12,Original
BC-2023-2023-R51711,2023,2023-07-07,2023,53.114,-127.599,512,Unknown,Monitor,2023-07-07,Original
BC-2023-2023-G81530,2023,2023-07-10,2023,57.429,-120.2001,6108.9,Natural,Monitor,2023-07-10,Original
BC-2023-2023-G11293,2023,2023-07-08,2023,53.4815,-123.8472,2420,Natural,Full,2023-07-08,Original
BC-2023-2023-R11244,2023,2023-07-07,2023,54.2352,-125.6435,8044,Natural,Full,2023-07-07,Original
BC-2023-2023-C51981,2023,2023-07-20,2023,52.2005,-123.4805,1400,Natural,Full,2023-07-20,Original
BC-2023-2023-R11274,2023,2023-07-07,2023,54.4547,-125.2762,428,Natural,Modified,2023-07-07,Original
BC-2023-2023-G90956,2023,2023-06-23,2023,59.5248,-126.6508,12107.21,Natural,Monitor,2023-06-23,Original
BC-2023-2023-V93289,2023,2023-08-22,2023,51.7347,-125.8142,433,Natural,Monitor,2023-08-22,Original
BC-2023-2023-N52372,2023,2023-07-30,2023,50.4053,-117.7668,200,Natural,Modified,2023-07-30,Original
BC-2023-2023-N52156,2023,2023-07-21,2023,50.462,-117.5974,876,Natural,Modified,2023-07-21,Original
BC-2023-2023-G60325,2023,2023-05-07,2023,57.3534,-124.8435,24705,Natural,Modified,2023-05-07,Original
BC-2023-2023-V33258,2023,2023-08-27,2023,50.5959,-122.7344,300,Natural,Monitor,2023-08-27,Original
BC-2023-2023-N72601,2023,2023-08-06,2023,50.2953,-117.1051,228,Natural,Monitor,2023-08-06,Original
BC-2023-2023-R21178,2023,2023-07-06,2023,54.3053,-126.7612,1444.72,Natural,Full,2023-07-06,Original
BC-2023-2023-N72824,2023,2023-08-06,2023,50.123,-116.6149,383,Natural,Modified,2023-08-06,Original
BC-2023-2023-R21217,2023,2023-07-07,2023,54.8934,-125.8987,7984,Natural,Monitor,2023-07-07,Original
BC-2023-2023-K51680,2023,2023-07-13,2023,49.1341,-119.9525,480,Natural,Monitor,2023-07-13,Original
BC-2023-2023-V31300,2023,2023-07-07,2023,50.6978,-123.4493,1915,Natural,Monitor,2023-07-07,Original
BC-2023-2023-R21673,2023,2023-07-09,2023,53.8076,-126.6908,4360,Natural,Full,2023-07-09,Original
BC-2023-2023-N22240,2023,2023-07-23,2023,50.2737,-115.6343,5419.6,Natural,Full,2023-07-23,Original
BC-2023-2023-G91013,2023,2023-06-28,2023,59.6431,-123.2241,3764.8,Natural,Modified,2023-06-28,Original
BC-2023-2023-V12722,2023,2023-08-13,2023,49.1089,-121.2662,1517.7,Natural,Monitor,2023-08-13,Original
BC-2023-2023-R11387,2023,2023-07-08,2023,53.7504,-126.1737,12142,Natural,Monitor,2023-07-08,Original
BC-2023-2023-V53027,2023,2023-08-29,2023,49.7123,-123.5527,415.5,Natural,Modified,2023-08-29,Original
BC-2023-2023-G80875,2023,2023-06-24,2023,57.2791,-120.9118,19136.5,Natural,Monitor,2023-06-24,Original
BC-2023-2023-R51712,2023,2023-07-07,2023,53.0898,-127.5075,770,Unknown,Monitor,2023-07-07,Original
BC-2023-2023-G60861,2023,2023-06-23,2023,55.3665,-124.4427,12274.62,Natural,Full,2023-06-23,Original
BC-2023-2023-N72833,2023,2023-08-06,2023,50.1619,-117.139,366,Natural,Modified,2023-08-06,Original
BC-2023-2023-R21377,2023,2023-07-08,2023,54.0454,-126.5994,4762.24,Natural,Full,2023-07-08,Original
BC-2023-2023-N22508,2023,2023-08-04,2023,50.4956,-115.3742,711,Natural,Modified,2023-08-04,Original
BC-2023-2023-G62150,2023,2023-07-22,2023,55.8255,-123.1873,375.53,Natural,Full,2023-07-22,Original
BC-2023-2023-R11388,2023,2023-07-07,2023,53.4616,-126.101,2779,Natural,Monitor,2023-07-07,Original
BC-2023-2023-G60887,2023,2023-06-23,2023,56.7857,-126.6837,297,Natural,Monitor,2023-06-23,Original
BC-2023-2023-N21453,2023,2023-07-08,2023,50.6298,-115.7368,2946.6,Natural,Full,2023-07-08,Original
BC-2023-2023-G80223,2023,2023-05-05,2023,56.4161,-121.2324,2947,Human,Full,2023-05-05,Original
BC-2023-2023-V82787,2023,2023-08-17,2023,49.5919,-126.2774,425,Unknown,Monitor,2023-08-17,Original
BC-2023-2023-K53294,2023,2023-09-16,2023,49.771,-119.9618,1116.2,Human,Full,2023-09-16,Original
BC-2023-2023-N11805,2023,2023-07-17,2023,49.6108,-115.7134,4640,Human,Full,2023-07-17,Original
BC-2023-2023-G90949,2023,2023-06-23,2023,59.628,-126.9532,5278.13,Natural,Monitor,2023-06-23,Original
BC-2023-2023-R91184,2023,2023-07-06,2023,59.7041,-134.2523,2253.27,Human,Modified,2023-07-06,Original
BC-2023-2023-V70600,2023,2023-06-03,2023,49.2834,-124.6147,229,Human,Full,2023-06-03,Original
BC-2023-2023-N52251,2023,2023-07-23,2023,50.6177,-117.2668,1038,Natural,Monitor,2023-07-23,Original
BC-2023-2023-G60853,2023,2023-06-23,2023,55.2402,-123.6703,22372.75,Natural,Full,2023-06-23,Original
BC-2023-2023-N72350,2023,2023-07-17,2023,50.4515,-117.0131,590,Natural,Modified,2023-07-17,Original
BC-2023-2023-C30399,2023,2023-05-19,2023,52.6166,-121.0711,964,Natural,Modified,2023-05-19,Original
BC-2023-2023-R11592,2023,2023-07-08,2023,53.4714,-125.2031,203.8,Natural,Monitor,2023-07-08,Original
BC-2023-2023-R21630,2023,2023-07-08,2023,54.116,-126.9227,220,Natural,Monitor,2023-07-08,Original
BC-2023-2023-R23091,2023,2023-07-21,2023,53.4993,-127.0712,1255,Natural,Monitor,2023-07-21,Original
BC-2023-2023-K52808,2023,2023-08-17,2023,49.9343,-119.4611,733,Unknown,Full,2023-08-17,Original
BC-2023-2023-G80291,2023,2023-05-13,2023,56.5112,-121.2219,29505.9,Human,Full,2023-05-13,Original
BC-2023-2023-K52767,2023,2023-08-15,2023,49.9081,-119.6328,13970.4,Unknown,Full,2023-08-15,Original
BC-2023-2023-K42815,2023,2023-08-18,2023,50.0275,-119.4413,372.6,Natural,Full,2023-08-18,Original
BC-2023-2023-C53002,2023,2023-08-28,2023,52.0622,-123.5597,1235.3,Human,NA,2023-08-28,Original
BC-2023-2023-V80527,2023,2023-05-29,2023,50.3709,-126.0437,230,Human,Full,2023-05-29,Original
BC-2023-2023-K52318,2023,2023-07-29,2023,49.0011,-119.5057,7060.6,Unknown,Full,2023-07-29,Original
BC-2023-2023-V11337,2023,2023-07-08,2023,49.9815,-121.64,17405.9,Natural,Full,2023-07-08,Original
BC-2022-2022-R90474,2022,2022-07-01,2022,59.3855,-131.2842,1100,Natural,Monitor,2022-07-01,Original
BC-2022-2022-R90436,2022,2022-06-30,2022,59.7616,-129.4523,12330,Natural,Modified,2022-06-30,Original
BC-2022-2022-R90464,2022,2022-06-23,2022,57.7019,-127.8192,324,Natural,Monitor,2022-06-23,Original
BC-2022-2022-G90313,2022,2022-06-16,2022,58.5758,-127.5882,1608,Natural,NA,2022-06-16,Original
BC-2022-2022-R21934,2022,2022-08-22,2022,53.5521,-127.0484,330,Natural,Modified,2022-08-22,Original
BC-2022-2022-G90789,2022,2022-07-08,2022,59.8315,-126.6955,944.8,Natural,NA,2022-07-08,Original
BC-2022-2022-V82307,2022,2022-09-05,2022,49.8665,-125.9849,358,Natural,Modified,2022-09-05,Original
BC-2022-2022-V81461,2022,2022-08-14,2022,49.6559,-125.73,248,Natural,Monitor,2022-08-14,Original
BC-2022-2022-G61701,2022,2022-07-30,2022,56.0775,-125.7202,713,Natural,Modified,2022-07-30,Original
BC-2022-2022-V81666,2022,2022-08-19,2022,49.7011,-125.698,350,Natural,Monitor,2022-08-19,Original
BC-2022-2022-V50368,2022,2022-06-28,2022,50.8752,-124.7301,258,Natural,Modified,2022-06-28,Original
BC-2022-2022-C52648,2022,2022-10-10,2022,51.9749,-124.1548,248,Human,Full,2022-10-10,Original
BC-2022-2022-G92591,2022,2022-10-05,2022,58.3698,-123.91,1500,Human,NA,2022-10-05,Original
BC-2022-2022-G82427,2022,2022-09-12,2022,57.4593,-123.653,2484.3,Human,Monitor,2022-09-12,Original
BC-2022-2022-G92640,2022,2022-10-06,2022,57.7296,-123.4991,1000,Human,NA,2022-10-06,Original
BC-2022-2022-G92687,2022,2022-10-12,2022,57.6557,-123.4481,900,Human,NA,2022-10-12,Original
BC-2022-2022-G60782,2022,2022-06-23,2022,56.1373,-122.9407,1661.7,Natural,Monitor,2022-06-23,Original
BC-2022-2022-G72150,2022,2022-08-30,2022,56.0043,-122.719,34753,Natural,Full,2022-08-30,Original
BC-2022-2022-G71778,2022,2022-08-22,2022,55.6844,-122.4988,1793,Natural,Monitor,2022-08-22,Original
BC-2022-2022-G80265,2022,2022-06-03,2022,57.3972,-122.3773,545,Natural,Full,2022-06-03,Original
BC-2022-2022-K71995,2022,2022-08-25,2022,51.0147,-122.3754,4683,Natural,Modified,2022-08-25,Original
BC-2022-2022-K72080,2022,2022-08-26,2022,50.1573,-122.2095,787,Natural,Monitor,2022-08-26,Original
BC-2022-2022-K71440,2022,2022-08-13,2022,50.1954,-122.2086,3012,Natural,Monitor,2022-08-13,Original
BC-2022-2022-K71717,2022,2022-08-21,2022,50.5828,-122.1234,1201,Natural,Modified,2022-08-21,Original
BC-2022-2022-V11595,2022,2022-08-17,2022,50.071,-122.037,895,Natural,Monitor,2022-08-17,Original
BC-2022-2022-G71148,2022,2022-08-08,2022,55.5312,-122.0367,213,Natural,Full,2022-08-08,Original
BC-2022-2022-K72076,2022,2022-08-27,2022,50.2991,-122.0343,357,Natural,Monitor,2022-08-27,Original
BC-2022-2022-V12576,2022,2022-10-04,2022,49.6862,-121.842,360,Natural,NA,2022-10-04,Original
BC-2022-2022-K70927,2022,2022-07-25,2022,50.9198,-121.6894,997,Natural,Full,2022-07-25,Original
BC-2022-2022-K70580,2022,2022-07-14,2022,50.2408,-121.6027,4564,Human,Modified,2022-07-14,Original
BC-2022-2022-V12335,2022,2022-09-09,2022,49.3572,-121.51,845,Human,NA,2022-09-09,Original
BC-2022-2022-V12079,2022,2022-08-27,2022,48.9923,-121.4383,1200,Human,NA,2022-08-27,Original
BC-2022-2022-V11912,2022,2022-08-24,2022,49.0434,-121.3188,215,Natural,NA,2022-08-24,Original
BC-2022-2022-G72672,2022,2022-10-10,2022,54.8054,-121.2563,456,Natural,Monitor,2022-10-10,Original
BC-2022-2022-V11952,2022,2022-08-25,2022,49.0406,-121.1594,1250,Natural,NA,2022-08-25,Original
BC-2022-2022-V12211,2022,2022-09-02,2022,49.1547,-121.0135,282,Natural,NA,2022-09-02,Original
BC-2022-2022-G72252,2022,2022-09-03,2022,54.7395,-120.9923,2300,Natural,Monitor,2022-09-03,Original
BC-2022-2022-V11746,2022,2022-08-22,2022,49.0115,-120.7316,14970,Natural,NA,2022-08-22,Original
BC-2022-2022-G72178,2022,2022-08-31,2022,55.0286,-120.54,6499,Natural,Full,2022-08-31,Original
BC-2022-2022-K20872,2022,2022-07-29,2022,50.8132,-120.5377,268,Natural,Full,2022-07-29,Original
BC-2022-2022-G90274,2022,2022-05-31,2022,59.9817,-120.0221,488.11,Natural,Monitor,2022-05-31,Original
BC-2022-2022-K20943,2022,2022-07-29,2022,51.4279,-119.8519,309,Natural,Modified,2022-07-29,Original
BC-2022-2022-K50863,2022,2022-07-29,2022,49.3697,-119.8173,7042,Human,Full,2022-07-29,Original
BC-2022-2022-K21279,2022,2022-08-02,2022,51.4801,-119.7315,385.8,Natural,Monitor,2022-08-02,Original
BC-2022-2022-K42324,2022,2022-09-08,2022,50.641,-118.3261,286,Human,Modified,2022-09-08,Original
BC-2022-2022-K40937,2022,2022-07-30,2022,50.6997,-118.3108,270,Natural,Modified,2022-07-30,Original
BC-2022-2022-N62637,2022,2022-10-09,2022,49.0106,-118.3054,203,Human,NA,2022-10-09,Original
BC-2022-2022-N41724,2022,2022-08-19,2022,51.2252,-118.095,243,Natural,Monitor,2022-08-19,Original
BC-2022-2022-N41057,2022,2022-08-02,2022,51.183,-118.0851,379,Natural,Modified,2022-08-02,Original
BC-2022-2022-N41303,2022,2022-08-12,2022,50.9282,-117.8662,360,Human,Monitor,2022-08-12,Original
BC-2022-2022-N41661,2022,2022-08-20,2022,50.8311,-117.8456,296,Natural,Modified,2022-08-20,Original
BC-2022-2022-N51956,2022,2022-08-21,2022,49.8559,-117.8081,333.91,Natural,Modified,2022-08-21,Original
BC-2022-2022-N72263,2022,2022-08-17,2022,49.6497,-117.3124,660,Natural,Full,2022-08-17,Original
BC-2022-2022-N51881,2022,2022-08-21,2022,49.3487,-117.1308,796,Natural,Monitor,2022-08-21,Original
BC-2022-2022-N71281,2022,2022-08-12,2022,49.1917,-117.0842,294,Natural,Monitor,2022-08-12,Original
BC-2022-2022-N70969,2022,2022-07-01,2022,49.89,-117.0758,1924,Natural,Modified,2022-07-01,Original
BC-2022-2022-N72255,2022,2022-09-02,2022,50.3086,-116.8954,265.5,Natural,Full,2022-09-02,Original
BC-2022-2022-N71980,2022,2022-08-24,2022,50.0457,-116.8587,1106,Natural,Modified,2022-08-24,Original
BC-2022-2022-N11134,2022,2022-08-08,2022,49.5575,-116.3237,422,Natural,Modified,2022-08-08,Original
BC-2022-2022-N20881,2022,2022-07-29,2022,50.7368,-115.7054,1333,Natural,Modified,2022-07-29,Original
BC-2022-2022-N11064,2022,2022-08-04,2022,49.0962,-115.6781,248,Natural,NA,2022-08-04,Original
BC-2022-2022-N10989,2022,2022-08-01,2022,49.3086,-115.6165,1719.2,Natural,NA,2022-08-01,Original
BC-2022-2022-N11062,2022,2022-08-04,2022,49.0017,-114.7119,1245.51,Natural,NA,2022-08-04,Original
BC-2024-2024-R50752,2024,2024-07-08,2024,54.8012,-128.25,219.3,Human,Full,2024-07-08,Original
BC-2024-2024-C20117,2024,2024-04-20,2024,52.6098,-122.1748,1800,Human,Full,2024-04-20,Original
BC-2024-2024-N40826,2024,2024-06-09,2024,51.8461,-118.3869,408.8,Human,Modified,2024-06-09,Original
BC-2024-2024-G90267,2024,2024-05-10,2024,58.8689,-122.9756,12348,Human,Full,2024-05-10,Original
BC-2024-2024-G80305,2024,2024-05-12,2024,56.5874,-120.4861,651.86,Human,Full,2024-05-12,Original
BC-2024-2024-N41259,2024,2024-07-19,2024,51.6399,-116.7272,1104,Natural,Modified,2024-07-19,Original
BC-2024-2024-R11201,2024,2024-07-19,2024,53.3848,-126.0235,33285,Natural,Monitor,2024-07-19,Original
BC-2024-2024-R12015,2024,2024-07-19,2024,53.6388,-126.7282,14698,Natural,Monitor,2024-07-19,Original
BC-2024-2024-G52123,2024,2024-08-09,2024,54.8453,-124.1456,1278.3,Natural,Full,2024-08-09,Original
BC-2024-2024-G51268,2024,2024-07-19,2024,55.2,-126.06,914.44,Natural,Full,2024-07-19,Original
BC-2024-2024-C11233,2024,2024-07-18,2024,52.9159,-124.3524,995,Natural,Full,2024-07-18,Original
BC-2024-2024-C41440,2024,2024-07-22,2024,51.6804,-121.4673,290,Natural,Full,2024-07-22,Original
BC-2024-2024-C41501,2024,2024-07-23,2024,51.2343,-121.2847,271,Natural,Full,2024-07-23,Original
BC-2024-2024-N71144,2024,2024-07-17,2024,50.3543,-117.0051,606.2,Natural,Modified,2024-07-17,Original
BC-2024-2024-G41160,2024,2024-07-18,2024,53.231,-124.6203,1417,Natural,Full,2024-07-18,Original
BC-2024-2024-G41159,2024,2024-07-18,2024,53.1362,-124.4973,2424,Natural,Full,2024-07-18,Original
BC-2024-2024-G41227,2024,2024-07-18,2024,53.3905,-124.69,2840.8,Natural,Full,2024-07-18,Original
BC-2024-2024-G31220,2024,2024-07-19,2024,53.2455,-119.9765,461.92,Natural,Full,2024-07-19,Original
BC-2024-2024-G41261,2024,2024-07-19,2024,53.111,-125.2403,5465.5,Natural,Full,2024-07-19,Original
BC-2024-2024-R21996,2024,2024-08-09,2024,55.1117,-125.8815,1365.8,Natural,Full,2024-08-09,Original
BC-2024-2024-G80549,2024,2024-06-20,2024,57.9,-121.3833,1835.25,Natural,Full,2024-06-20,Original
BC-2024-2024-C11303,2024,2024-07-19,2024,52.9875,-121.4071,14277,Natural,Full,2024-07-19,Original
BC-2024-2024-C10786,2024,2024-07-09,2024,53.1295,-121.1393,358.5,Natural,Modified,2024-07-09,Original
BC-2024-2024-N40834,2024,2024-07-10,2024,52.0112,-117.9263,487,Natural,Modified,2024-07-10,Original
BC-2024-2024-G80854,2024,2024-07-10,2024,57.534,-120.1398,2132.63,Natural,Full,2024-07-10,Original
BC-2024-2024-N51132,2024,2024-07-17,2024,50.6213,-117.545,205.6,Natural,Modified,2024-07-17,Original
BC-2024-2024-R12040,2024,2024-08-09,2024,53.0911,-126.643,1569,Natural,Monitor,2024-08-09,Original
BC-2024-2024-R11204,2024,2024-07-19,2024,53.5915,-126.2854,55284,Natural,Full,2024-07-19,Original
BC-2024-2024-N40835,2024,2024-07-10,2024,52.039,-117.943,1038,Natural,Modified,2024-07-10,Original
BC-2024-2024-R11930,2024,2024-07-24,2024,54.5198,-125.5624,1220,Natural,Full,2024-07-24,Original
BC-2024-2024-G91714,2024,2024-07-10,2024,59.7093,-124.0902,354.17,Natural,Full,2024-07-10,Original
BC-2024-2024-G52030,2024,2024-08-09,2024,55.152,-125.7998,748.8,Natural,Full,2024-08-09,Original
BC-2024-2024-V32132,2024,2024-08-06,2024,50.3689,-123.5638,541,Natural,Modified,2024-08-06,Original
BC-2024-2024-K21077,2024,2024-07-17,2024,52.2785,-120.3492,571.6,Natural,Monitor,2024-07-17,Original
BC-2024-2024-K21354,2024,2024-07-22,2024,51.42,-120.1078,2577,Natural,Full,2024-07-22,Original
BC-2024-2024-K21172,2024,2024-07-18,2024,52.2181,-120.1252,2847.1,Natural,Monitor,2024-07-18,Original
BC-2024-2024-K21563,2024,2024-07-22,2024,52.361,-119.7207,1095.5,Natural,Monitor,2024-07-22,Original
BC-2024-2024-K21056,2024,2024-07-17,2024,51.9465,-119.9217,1469.26,Natural,Monitor,2024-07-17,Original
BC-2024-2024-N41079,2024,2024-07-17,2024,50.6346,-117.9588,489,Natural,Full,2024-07-17,Original
BC-2024-2024-K41070,2024,2024-07-02,2024,50.7856,-118.884,281.4,Natural,Modified,2024-07-02,Original
BC-2024-2024-G90686,2024,2024-07-01,2024,59.898,-121.8552,10754.82,Natural,Full,2024-07-01,Original
BC-2024-2024-G90765,2024,2024-07-23,2024,59.7659,-123.9886,514.23,Natural,Full,2024-07-23,Original
BC-2024-2024-G92348,2024,2024-08-13,2024,59.126,-127.9343,1644.34,Natural,Modified,2024-08-13,Original
BC-2024-2024-K21564,2024,2024-07-22,2024,52.3325,-119.6864,200,Natural,Monitor,2024-07-22,Original
BC-2024-2024-K21173,2024,2024-07-18,2024,52.1784,-120.1009,228,Natural,Monitor,2024-07-18,Original
BC-2024-2024-G91031,2024,2024-07-10,2024,58.7023,-123.7519,291.3,Natural,Full,2024-07-10,Original
BC-2024-2024-K21562,2024,2024-07-22,2024,52.2069,-119.7353,500,Natural,Monitor,2024-07-22,Original
BC-2024-2024-G90994,2024,2024-07-10,2024,59.0721,-122.3427,458,Natural,Full,2024-07-10,Original
BC-2024-2024-G91790,2024,2024-07-23,2024,59.5384,-127.2258,405,Natural,Full,2024-07-23,Original
BC-2024-2024-G90939,2024,2024-07-10,2024,59.2214,-128.1909,14171,Natural,Modified,2024-07-10,Original
BC-2024-2024-G90992,2024,2024-07-10,2024,58.1842,-124.5236,1304.26,Natural,Modified,2024-07-10,Original
BC-2024-2024-K21560,2024,2024-07-22,2024,52.1661,-119.7055,3830.7,Natural,Monitor,2024-07-22,Original
BC-2024-2024-C51951,2024,2024-08-09,2024,52.6258,-124.5937,542,Natural,Modified,2024-08-09,Original
BC-2024-2024-K21490,2024,2024-07-22,2024,51.4567,-119.1985,237,Natural,Monitor,2024-07-22,Original
BC-2024-2024-C31182,2024,2024-07-18,2024,52.6357,-120.3393,1382,Natural,Full,2024-07-18,Original
BC-2024-2024-C31291,2024,2024-07-20,2024,52.1822,-120.4648,6695,Natural,Modified,2024-07-20,Original
BC-2024-2024-C30788,2024,2024-07-10,2024,52.6364,-121.332,1555,Natural,Modified,2024-07-10,Original
BC-2024-2024-N21284,2024,2024-07-18,2024,49.9183,-115.9529,940.9,Natural,Modified,2024-07-18,Original
BC-2024-2024-N51117,2024,2024-07-17,2024,49.7407,-117.5298,2234.8,Natural,Full,2024-07-17,Original
BC-2024-2024-N51069,2024,2024-07-17,2024,49.7171,-117.4409,1858.6,Natural,Full,2024-07-17,Original
BC-2024-2024-V31825,2024,2024-08-05,2024,50.0887,-122.3675,393.7,Natural,Modified,2024-08-05,Original
BC-2024-2024-N51134,2024,2024-07-17,2024,50.4494,-117.7097,247,Natural,Modified,2024-07-17,Original
BC-2024-2024-N51156,2024,2024-07-17,2024,50.69,-117.4942,550,Natural,Modified,2024-07-17,Original
BC-2024-2024-N71176,2024,2024-07-12,2024,49.2069,-116.9818,670,Natural,Modified,2024-07-12,Original
BC-2024-2024-K70910,2024,2024-07-12,2024,50.4921,-121.368,27956,Natural,Full,2024-07-12,Original
BC-2024-2024-N21427,2024,2024-07-19,2024,51.0954,-116.7758,5680,Natural,Full,2024-07-19,Original
BC-2024-2024-R32019,2024,2024-08-09,2024,55.0575,-127.4331,275,Natural,Modified,2024-08-09,Original
BC-2024-2024-R31901,2024,2024-08-07,2024,55.2512,-127.0698,1755.2,Natural,Full,2024-08-07,Original
BC-2024-2024-N40871,2024,2024-07-11,2024,52.0503,-117.3818,2565,Natural,Modified,2024-07-11,Original
BC-2024-2024-V12286,2024,2024-08-17,2024,49.9735,-122.1006,202.8,Natural,Modified,2024-08-17,Original
BC-2024-2024-G70301,2024,2024-05-12,2024,55.9371,-121.9168,295,Human,Full,2024-05-12,Original
BC-2024-2024-N71105,2024,2024-07-18,2024,50.265,-116.7862,303,Natural,Monitor,2024-07-18,Original
BC-2024-2024-K41109,2024,2024-07-17,2024,50.3802,-118.3899,1261.9,Natural,Modified,2024-07-17,Original
BC-2024-2024-N21014,2024,2024-07-15,2024,49.8439,-115.3862,11903.3,Natural,Modified,2024-07-15,Original
BC-2024-2024-V61401,2024,2024-07-22,2024,48.4668,-123.7306,228.6,Human,Full,2024-07-22,Original
BC-2024-2024-N21610,2024,2024-07-23,2024,50.4538,-115.6586,8615,Unknown,Modified,2024-07-23,Original
BC-2024-2024-K61067,2024,2024-07-17,2024,49.0872,-120.5331,6684,Natural,Full,2024-07-17,Original
BC-2024-2024-G92253,2024,2024-08-17,2024,59.4647,-122.7971,3571.34,Natural,Modified,2024-08-17,Original
BC-2024-2024-K70913,2024,2024-07-12,2024,50.449,-121.4001,249,Natural,Modified,2024-07-12,Original
BC-2024-2024-V31836,2024,2024-08-04,2024,50.5614,-122.6898,772,Natural,Modified,2024-08-04,Original
BC-2024-2024-N51103,2024,2024-07-17,2024,49.9381,-117.4238,5979.9,Natural,Modified,2024-07-17,Original
BC-2024-2024-N71058,2024,2024-07-18,2024,50.1719,-116.8806,19153,Natural,Modified,2024-07-18,Original
BC-2024-2024-N51210,2024,2024-07-17,2024,49.889,-117.3649,4082,Natural,Full,2024-07-17,Original
BC-2024-2024-N51228,2024,2024-07-17,2024,49.9231,-117.536,399.4,Natural,Modified,2024-07-17,Original
BC-2024-2024-N51130,2024,2024-07-17,2024,50.7968,-117.6355,848.8,Natural,Modified,2024-07-17,Original
BC-2024-2024-K51472,2024,2024-07-22,2024,49.5165,-119.2116,223,Natural,Full,2024-07-22,Original
BC-2024-2024-V31860,2024,2024-08-06,2024,50.2135,-122.6928,405.3,Natural,Modified,2024-08-06,Original
BC-2024-2024-N51127,2024,2024-07-17,2024,50.6958,-117.5958,213,Natural,Modified,2024-07-17,Original
BC-2024-2024-R40993,2024,2024-07-10,2024,56.0949,-127.9188,976.99,Natural,Monitor,2024-07-10,Original
BC-2024-2024-K41796,2024,2024-08-04,2024,50.5147,-119.337,784,Natural,Full,2024-08-04,Original
BC-2024-2024-K70302,2024,2024-05-10,2024,50.8913,-122.6687,205,Human,Full,2024-05-10,Original
BC-2024-2024-R90740,2024,2024-07-04,2024,59.8355,-131.4189,355,Natural,Modified,2024-07-04,Original
BC-2024-2024-G80262,2024,2024-05-10,2024,57.2879,-121.5689,2788.58,Natural,Full,2024-05-10,Original
BC-2024-2024-G80270,2024,2024-05-10,2024,58.2329,-121.7004,25379.65,Natural,Full,2024-05-10,Original
BC-2024-2024-G61013,2024,2024-07-17,2024,58.1842,-125.5228,3460,Natural,Modified,2024-07-17,Original
BC-2024-2024-G80286,2024,2024-05-11,2024,58.1114,-120.3694,11155.64,Natural,Full,2024-05-11,Original
BC-2024-2024-G90228,2024,2023-06-28,2023,58.794,-121.6269,508453.29,Natural,Full,2024-05-05,Verified correction
BC-2024-2024-G90399,2024,2023-07-06,2023,59.4057,-120.6815,18597.38,Natural,Full,NA,Unresolved
BC-2024-2024-G90777,2024,2023-06-04,2023,59.9461,-123.8886,306.73,Natural,Full,NA,Unresolved
BC-2024-2024-G90207,2024,2023-07-16,2023,59.3103,-123.2825,170806.9,Natural,Full,2024-05-02,Verified correction
